{"cameraMode":{"drawMode":0,"name":"Shaded","section":"Shading Mode"},"sceneLighting":true,"audioPlay":false,"sceneViewState":{"showFog":true,"showMaterialUpdate":false,"showSkybox":true,"showFlares":true,"showImageEffects":true,"showParticleSystems":true},"in2DMode":false,"pivot":{"x":0.35647404193878176,"y":-1.420159101486206,"z":6.0969719886779789},"rotation":{"x":-0.2213817834854126,"y":-0.06956353783607483,"z":0.015838032588362695,"w":-0.9725826382637024},"size":22.459285736083986,"orthographic":false}